-- select CONCAT('truncate TABLE ',table_schema,'.',TABLE_NAME, ';') from INFORMATION_SCHEMA.TABLES where  table_schema in ('aac');

-- 超级管理员运营账号
DELETE FROM operator WHERE login_name = 'admin';
INSERT INTO operator (login_name, password, name, department, status, role, create_time, update_time)
VALUES ('admin', '7tkg6j', '超级管理员', '运营部', 1, 2, 1545372155291, 1545372155291);


-- 公共配置
TRUNCATE TABLE param_config;
INSERT INTO param_config (category, sub_category, `key`, value)
VALUES
	-- 阅读时长（单位：秒）
	(1, 1, 'READING_TIME', '10'),
	-- 每天最大阅读奖励次数
	(1, 1, 'MAX_READING_PER_DAY', '8'),
	-- 每次阅读奖励金额
	(1, 1, 'READING_CURRENCY', '1'),
	-- 文章最少字数
	(1, 1, 'MIN_ARTICLE_LENGTH', '200'),
	-- 每天最大发帖奖励次数
	(1, 1, 'MAX_PUBLISHING_PER_DAY', '1'),
	-- 每次发帖奖励金额
	(1, 1, 'PUBLISHING_CURRENCY', '10'),
	-- 实名认证奖励平台币数
	(1, 2, 'REAL_NAME_VERIFICATION_CURRENCY', '20'),
  -- 每日签到奖励元力数
	(1, 3, 'SING_IN_POINT', '3'),
	-- 关注公众号奖励元力数
	(1, 4, 'ATTENTION_PUBLIC_NUMBER_POINT', '20'),
	-- 每日邀请好友数最大值
	(1, 5, 'MAX_INVITATION_PER_DAY', '50'),
	-- 每邀请一位好友奖励平台币数
	(1, 5, 'INVITATION_CURRENCY', '50'),
	-- 好友挖矿分成比例，千分之几
	(1, 5, 'MINING_ROYALTY_RATE', '1'),
	-- 每日可抢红包数
	(1, 6, 'GRAB_RED_PACKET_PER_DAY', '10'),
	-- 每日参与答题机会数
	(1, 7, 'MAX_PARTICIPATION_PER_DAY', '3'),
	-- 每次参与题目数
	(1, 7, 'QUESTIONS_PER_PARTICIPATION', '10'),
	-- 卖单单价浮动率，百分之几
	(2, 1, 'PRICE_FLOATING_RATE', '10'),
	-- 平台币 => 法币兑换率
	(2, 2, 'RMB_EXCHANGE_RATE', '只读属性');


-- 平台资产统计
TRUNCATE TABLE platform_assert_statistics;
INSERT INTO platform_assert_statistics (`key`, value)
VALUES
	('UPDATE_TIME', 1545372155291),
	('TOTAL', 1000000000),
	('ACTIVE', 280000000),
	('ACTIVE_INCREASE', 80000000),
	('ACTIVE_INCREASE_MINED', 0),
	('ACTIVE_INCREASE_REST', 80000000),
	('ACTIVE_MINING', 200000000),
	('ACTIVE_MINING_MINED', 0),
	('ACTIVE_MINING_REST', 200000000),
	('FIXED', 720000000),
	('FIXED_SOLD', 0),
	('FIXED_REST', 720000000);


-- 系统元素简介文本
TRUNCATE TABLE brief_text;
INSERT INTO brief_text (`key`, `name`, content)
VALUES('ELEMENTARY_FORCE','元力简介','<p><span style="color: rgb(165, 165, 165);">元力是影响自然增长AAC的关键因素，同一时间内，元力越高的用户，自然增长的AAC就越多，元力的增长根据没填完成首页内任务的多少来计算，但是如果长期不登陆元力也会下降哦，所以官人们尽量保持元力上升，以保持自然增长速度哦</span></p>'),

('PLATFORM_CURRENCY','平台币简介','<p><span style="text-decoration: none; color: rgb(165, 165, 165);">AAB是依托于区块链技术，基于AAC活动产生的奖励，可进行在交易所内进行兑换现金，以及平台内各种活动的参与等。<br/></span></p><p><br/></p><p><span style="color: rgb(165, 165, 165);">除日常根据元力大小生长AAB外，元力大于50的用户有机会获取额外的能量大奖，48小时不领取能量，能量将暂停生长。</span></p><p><br/></p><p><span style="color: rgb(165, 165, 165);">AAB总量有限，且两年产出量减少一半，随着时间的推移，获取难度越来越大，元力越大获取的能量越高，前期参与更有优势！</span></p><p><br/></p><p style="text-align: center;"><span style="color: rgb(49, 133, 155);">有疑问资讯请拨打：010-43432323</span><br/><span style="text-decoration: none;"></span></p>'),

('FOCUS_ON_WECHAT','关注公众号','<p><span style="color: rgb(165, 165, 165);">1、在微信公众号众搜索“BT实体经济”并关注</span></p><p><br/></p><p><span style="color: rgb(165, 165, 165);">2、在赚链公众号内发送“领取元力”获取验证码</span></p><p><br/></p><p><span style="color: rgb(165, 165, 165);">3、在下方输入验证码，验证成功后即可领取元力</span></p><hr/><p><span style="color: rgb(165, 165, 165);">说明：每个帐号仅有一次领取机会</span><br/></p>'),

('ANSWER_GAME','答题游戏规则','<p>答题赢元力</p><p><br/></p><p>1、每日三次答题机会</p><p><br/></p><p>3、每次10道题，每道题的元力不同</p><p><br/></p><p>4、次数每日更新，不叠加<br/></p>'),
('TIPS','红包小贴士','<p>红包数量过少，红包越多效果越大</p><p><br/></p><p>图文简约清晰，有吸引用户的亮点</p><p><br/></p><p>添加联系方式，便于用户直接沟通</p><p><br/></p><p>添加链接标题，引导用户点击查看<br/></p>'),
('ARTICLE_AWARD','资讯文章奖励规则','<p style="text-align: center;">奖励说明</p><p><span style="text-decoration: none;"></span></p><hr/><p>&nbsp;&nbsp;&nbsp;&nbsp;&nbsp;&nbsp;&nbsp;&nbsp;&nbsp;&nbsp;&nbsp;&nbsp;&nbsp;&nbsp;&nbsp;&nbsp;&nbsp;&nbsp;&nbsp;&nbsp;&nbsp;&nbsp;&nbsp;&nbsp;&nbsp;&nbsp;&nbsp;&nbsp;&nbsp;&nbsp;&nbsp;&nbsp;&nbsp;&nbsp;&nbsp;&nbsp;&nbsp;&nbsp;&nbsp;&nbsp;&nbsp;&nbsp;&nbsp;&nbsp;&nbsp;&nbsp;&nbsp;&nbsp;&nbsp;&nbsp;&nbsp;&nbsp;&nbsp;&nbsp;&nbsp;&nbsp;&nbsp;&nbsp;&nbsp;&nbsp;&nbsp;&nbsp;&nbsp;&nbsp;&nbsp;&nbsp;&nbsp;&nbsp;1、发帖字数须达到200</p><p>&nbsp;&nbsp;&nbsp;&nbsp;&nbsp;&nbsp;&nbsp;&nbsp;&nbsp;&nbsp;&nbsp;&nbsp;&nbsp;&nbsp;&nbsp;&nbsp;&nbsp;&nbsp;&nbsp;&nbsp;&nbsp;&nbsp;&nbsp;&nbsp;&nbsp;&nbsp;&nbsp;&nbsp;&nbsp;&nbsp;&nbsp;&nbsp;&nbsp;&nbsp;&nbsp;&nbsp;&nbsp;&nbsp;&nbsp;&nbsp;&nbsp;&nbsp;&nbsp;&nbsp;&nbsp;&nbsp;&nbsp;&nbsp;&nbsp;&nbsp;&nbsp;&nbsp;&nbsp;&nbsp;&nbsp;&nbsp;&nbsp;&nbsp;&nbsp;&nbsp;&nbsp;&nbsp;&nbsp;&nbsp;&nbsp;&nbsp;&nbsp;&nbsp;2、发帖成功可得10AAB奖励</p><p>&nbsp;&nbsp;&nbsp;&nbsp;&nbsp;&nbsp;&nbsp;&nbsp;&nbsp;&nbsp;&nbsp;&nbsp;&nbsp;&nbsp;&nbsp;&nbsp;&nbsp;&nbsp;&nbsp;&nbsp;&nbsp;&nbsp;&nbsp;&nbsp;&nbsp;&nbsp;&nbsp;&nbsp;&nbsp;&nbsp;&nbsp;&nbsp;&nbsp;&nbsp;&nbsp;&nbsp;&nbsp;&nbsp;&nbsp;&nbsp;&nbsp;&nbsp;&nbsp;&nbsp;&nbsp;&nbsp;&nbsp;&nbsp;&nbsp;&nbsp;&nbsp;&nbsp;&nbsp;&nbsp;&nbsp;&nbsp;&nbsp;&nbsp;&nbsp;&nbsp;&nbsp;&nbsp;&nbsp;&nbsp;&nbsp;&nbsp;&nbsp;&nbsp;<span style="text-decoration: none;">3、个人所发帖在关注中可查看</span><br/></p>');


-- 行政单位一级字典
TRUNCATE TABLE province;
INSERT INTO province (id, name, level, order_number)
VALUES
  (1, '北京', 1, 1),
  (2, '上海', 1, 2),
  (3, '天津', 1, 3),
  (4, '重庆', 1, 4),
  (5, '安徽', 2, 1),
  (6, '福建', 2, 2),
  (7, '甘肃', 2, 3),
  (8, '广东', 2, 4),
  (9, '广西', 2, 5),
  (10, '贵州', 2, 6),
  (11, '海南', 2, 7),
  (12, '河北', 2, 8),
  (13, '河南', 2, 9),
  (14, '黑龙江', 2, 10),
  (15, '湖北', 2, 11),
  (16, '湖南', 2, 12),
  (17, '江苏', 2, 13),
  (18, '江西', 2, 14),
  (19, '吉林', 2, 15),
  (20, '辽宁', 2, 16),
  (21, '内蒙古', 2, 17),
  (22, '宁夏', 2, 18),
  (23, '青海', 2, 19),
  (24, '山东', 2, 20),
  (25, '山西', 2, 21),
  (26, '陕西', 2, 22),
  (27, '四川', 2, 23),
  (28, '西藏', 2, 24),
  (29, '新疆', 2, 25),
  (30, '云南', 2, 26),
  (31, '浙江', 2, 27),
  (32, '台湾', 2, 28),
  (33, '香港', 3, 1),
  (34, '澳门', 3, 2);


-- 行政单位二级字典
TRUNCATE TABLE city;
INSERT INTO city (id, name, lng, lat, province_id, order_number)
VALUES
  (1, '北京', 116.46, 39.92, 1, 1),
  (2, '上海', 121.48, 31.22, 2, 1),
  (3, '天津', 117.2, 39.13, 3, 1),
  (4, '重庆', 106.54, 29.59, 4, 1),
  (5, '合肥', 117.27, 31.86, 5, 1),
  (6, '安庆', 117.03, 30.52, 5, 2),
  (7, '蚌埠', 117.34, 32.93, 5, 3),
  (8, '亳州', 115.783467, 33.850414, 5, 4),
  (9, '巢湖', 117.87, 31.62, 5, 5),
  (10, '池州', 117.497695, 30.670669, 5, 6),
  (11, '滁州', 118.31, 32.33, 5, 7),
  (12, '阜阳', 115.81, 32.89, 5, 8),
  (13, '淮北', 116.77, 33.97, 5, 9),
  (14, '淮南', 116.98, 32.62, 5, 10),
  (15, '黄山', 118.339922, 29.724, 5, 11),
  (16, '六安', 116.49, 31.73, 5, 12),
  (17, '马鞍山', 118.48, 31.56, 5, 13),
  (18, '宿州', 116.97, 33.63, 5, 14),
  (19, '铜陵', 117.82, 30.93, 5, 15),
  (20, '芜湖', 118.38, 31.33, 5, 16),
  (21, '宣城', 118.73, 31.95, 5, 17),
  (22, '福州', 119.3, 26.08, 6, 1),
  (23, '龙岩', 117.01, 25.12, 6, 2),
  (24, '南平', 118.16, 26.65, 6, 3),
  (25, '宁德', 119.52, 26.65, 6, 4),
  (26, '莆田', 119, 25.44, 6, 5),
  (27, '泉州', 118.58, 24.93, 6, 6),
  (28, '三明', 117.61, 26.23, 6, 7),
  (29, '厦门', 118.1, 24.46, 6, 8),
  (30, '漳州', 117.35, 24.52, 6, 9),
  (31, '兰州', 103.73, 36.03, 7, 1),
  (32, '白银', 104.144469, 36.550705, 7, 2),
  (33, '定西', 104.57, 35.57, 7, 3),
  (34, '甘南州', 102.91703, 34.989187, 7,	4),
  (35, '嘉峪关', 98.296514, 39.778157, 7,	5),
  (36, '金昌', 102.194772, 38.526342, 7, 6),
  (37, '酒泉', 98.5, 39.71, 7, 7),
  (38, '临夏州', 103.216153, 35.607357, 7,	8),
  (39, '平凉', 106.68, 35.51, 7, 9),
  (40, '庆阳', 107.88, 36.03, 7, 10),
  (41, '天水', 105.69, 34.6, 7, 11),
  (42, '武威', 102.61, 37.94, 7, 12),
  (43, '张掖', 100.46, 38.93, 7, 13),
  (44, '广州', 113.23, 23.16, 8, 1),
  (45, '潮州', 116.63, 23.68, 8, 2),
  (46, '东莞', 113.75, 23.04, 8, 3),
  (47, '佛山', 113.11, 23.05, 8, 4),
  (48, '河源', 114.68, 23.73, 8, 5),
  (49, '惠州', 114.4, 23.09, 8, 6),
  (50, '江门', 113.06, 22.61, 8, 7),
  (51, '揭阳', 116.35, 23.55, 8, 8),
  (52, '茂名', 110.88, 21.68, 8, 9),
  (53, '梅州', 116.1, 24.55, 8, 10),
  (54, '清远', 113.01, 23.7, 8, 11),
  (55, '汕头', 116.69, 23.39, 8, 12),
  (56, '汕尾', 115.381549, 22.791522, 8, 13),
  (57, '韶关', 113.62, 24.84, 8, 14),
  (58, '深圳', 114.07, 22.62, 8, 15),
  (59, '阳江', 111.95, 21.85, 8, 16),
  (60, '云浮', 112.02, 22.93, 8, 17),
  (61, '湛江', 110.365494, 21.277567, 8, 18),
  (62, '肇庆', 112.44, 23.05, 8, 19),
  (63, '中山', 113.38, 22.52, 8, 20),
  (64, '珠海', 113.52, 22.3, 8, 21),
  (65, '南宁', 108.33, 22.84, 9, 1),
  (66, '百色', 106.62, 23.91, 9, 2),
  (67, '北海', 109.12, 21.49, 9, 3),
  (68, '崇左', 107.37, 22.42, 9, 4),
  (69, '防城港', 108.361066, 21.69307, 9, 5),
  (70, '桂林', 110.28, 25.29, 9, 6),
  (71, '贵港', 109.605305, 23.118264, 9, 7),
  (72, '河池', 108.06, 24.7, 9, 8),
  (73, '贺州', 111.573581,24.409535, 9, 9),
  (74, '来宾', 109.24, 23.76, 9, 10),
  (75, '柳州', 109.4, 24.33, 9, 11),
  (76, '钦州', 108.61, 21.96, 9, 12),
  (77, '梧州', 111.34, 23.51, 9, 13),
  (78, '玉林', 110.14, 22.64, 9, 14),
  (79, '贵阳', 106.71, 26.57, 10, 1),
  (80, '安顺', 105.92, 26.25, 10, 2),
  (81, '毕节地区', 105.29, 27.32, 10, 3),
  (82, '六盘水', 104.82, 26.58, 10, 4),
  (83, '铜仁地区', 109.21, 27.73, 10, 5),
  (84, '遵义', 106.9, 27.7, 10, 6),
  (85, '黔西南州', 104.908558, 25.105921, 10, 7),
  (86, '海口', 110.35, 20.02, 11, 1),
  (87, '白沙', 109.44, 19.23, 11, 2),
  (88, '保亭', 109.7, 18.64, 11, 3),
  (89, '昌江', 109.03, 19.25, 11, 4),
  (90, '儋州', 109.588295, 19.52749, 11, 5),
  (91, '澄迈', 110, 19.75, 11, 6),
  (92, '东方', 108.64, 19.09, 11, 7),
  (93, '定安', 110.31, 19.68, 11, 8),
  (94, '琼海', 110.46, 19.25, 11, 9),
  (95, '琼中', 109.83, 19.05, 11, 10),
  (96, '乐东', 109.17, 18.73, 11, 11),
  (97, '临高', 109.69, 19.91, 11, 12),
  (98, '陵水', 110.02, 18.48, 11, 13),
  (99, '三亚', 109.518071, 18.259041, 11, 14),
  (100, '屯昌', 110.1, 19.36, 11, 15),
  (101, '万宁', 110.39, 18.8, 11, 16),
  (102, '文昌', 110.72, 19.61, 11, 17),
  (103, '五指山', 109.523213, 18.780533, 11, 18),
  (104, '石家庄', 114.48, 38.03, 12, 1),
  (105, '保定', 115.48, 38.85, 12, 2),
  (106, '沧州', 116.83, 38.33, 12, 3),
  (107, '承德', 117.93, 40.97, 12, 4),
  (108, '邯郸', 114.47, 36.6, 12, 5),
  (109, '衡水', 115.72, 37.72, 12, 6),
  (110, '廊坊', 116.7, 39.53, 12, 7),
  (111, '秦皇岛', 119.57, 39.95, 12, 8),
  (112, '唐山', 118.02, 39.63, 12, 9),
  (113, '邢台', 114.48, 37.05, 12, 10),
  (114, '张家口', 114.87, 40.82, 12, 11),
  (115, '郑州', 113.65, 34.76, 13, 1),
  (116, '安阳', 114.35, 36.1, 13, 2),
  (117, '鹤壁', 114.17, 35.9, 13, 3),
  (118, '焦作', 113.21, 35.24, 13, 4),
  (119, '开封', 114.35, 34.79, 13, 5),
  (120, '洛阳', 112.44, 34.7, 13, 6),
  (121, '漯河', 114.02, 33.56, 13, 7),
  (122, '南阳', 112.53, 33.01, 13, 8),
  (123, '平顶山', 113.29, 33.75, 13, 9),
  (124, '濮阳', 114.98, 35.71, 13, 10),
  (125, '三门峡', 111.19, 34.76, 13, 11),
  (126, '商丘', 115.65, 34.44, 13, 12),
  (127, '新乡', 113.85, 35.31, 13, 13),
  (128, '信阳', 114.08, 32.13, 13, 14),
  (129, '许昌', 113.81, 34.02, 13, 15),
  (130, '周口', 114.63, 33.63, 13, 16),
  (131, '驻马店', 114.02, 32.98, 13, 17),
  (132, '哈尔滨', 126.63, 45.75, 14, 1),
  (133, '大庆', 125.03, 46.58, 14, 2),
  (134, '大兴安岭地区', 124.621657, 51.929219, 14, 3),
  (135, '鹤岗', 130.3, 47.33, 14, 4),
  (136, '黑河', 127.53, 50.22, 14, 5),
  (137, '鸡西', 130.975586, 45.300805, 14, 6),
  (138, '佳木斯', 130.35, 46.83, 14, 7),
  (139, '牡丹江', 129.58, 44.6, 14, 8),
  (140, '七台河', 130.83, 45.82, 14, 9),
  (141, '齐齐哈尔', 123.97, 47.33, 14, 10),
  (142, '双鸭山', 131.17, 46.65, 14, 11),
  (143, '绥化', 127, 46.63, 14, 12),
  (144, '伊春', 128.92, 47.73, 14, 13),
  (145, '武汉', 114.31, 30.52, 15, 1),
  (146, '鄂州', 114.901701, 30.396335, 15, 2),
  (147, '恩施', 109.486446, 30.294591, 15, 3),
  (148, '黄冈', 114.87, 30.44, 15, 4),
  (149, '黄石', 115.09, 30.2, 15, 5),
  (150, '荆门', 112.19, 31.02, 15, 6),
  (151, '荆州', 112.24607, 30.340357, 15, 7),
  (152, '潜江', 112.906635, 30.408007, 15, 8),
  (153, '神农架林区', 110.683097, 31.74976, 15, 9),
  (154, '十堰', 110.79, 32.65, 15, 10),
  (155, '随州', 113.388352, 31.69671, 15, 11),
  (156, '天门', 113.172836, 30.668841, 15, 12),
  (157, '仙桃', 113.462096, 30.363323, 15, 13),
  (158, '咸宁', 114.28, 29.87, 15, 14),
  (159, '襄樊', 112.14, 30.02, 15, 15),
  (160, '孝感', 113.91, 31.92, 15, 16),
  (161, '宜昌', 111.3, 30.7, 15, 17),
  (162, '长沙', 113, 28.21, 16, 1),
  (163, '常德', 111.69, 29.05, 16, 2),
  (164, '郴州', 113, 25.79, 16, 3),
  (165, '衡阳', 112.61, 26.89, 16, 4),
  (166, '怀化', 109.95, 27.52, 16, 5),
  (167, '娄底', 111.96, 27.71, 16, 6),
  (168, '邵阳', 111.5, 27.22, 16, 7),
  (169, '湘潭', 112.91, 27.87, 16, 8),
  (170, '益阳', 112.33, 28.6, 16, 9),
  (171, '永州', 111.63, 26.22, 16, 10),
  (172, '岳阳', 113.09, 29.37, 16, 11),
  (173, '张家界', 110.483919, 29.122856, 16, 12),
  (174, '株洲', 113.16, 27.83, 16, 13),
  (175, '南京', 118.78, 32.04, 17, 1),
  (176, '常州', 119.95, 31.79, 17, 2),
  (177, '淮安', 119.15, 33.5, 17, 3),
  (178, '连云港', 119.16, 34.59, 17, 4),
  (179, '南通', 120.86, 32.01, 17, 5),
  (180, '苏州', 120.62, 31.32, 17, 6),
  (181, '宿迁', 118.3, 33.96, 17, 7),
  (182, '泰州', 119.9, 32.49, 17, 8),
  (183, '无锡', 120.29, 31.59, 17, 9),
  (184, '徐州', 117.2, 34.26, 17, 10),
  (185, '盐城', 120.13, 33.38, 17, 11),
  (186, '扬州', 119.42, 32.39, 17, 12),
  (187, '镇江', 119.44, 32.2, 17, 13),
  (188, '南昌', 115.89, 28.68, 18, 1),
  (189, '抚州', 116.34, 28, 18, 2),
  (190, '赣州', 114.92, 25.85, 18, 3),
  (191, '吉安', 114.97, 27.12, 18, 4),
  (192, '景德镇', 117.22, 29.3, 18, 5),
  (193, '九江', 115.97, 29.71, 18, 6),
  (194, '萍乡', 113.85, 27.6, 18, 7),
  (195, '上饶', 117.97, 28.47, 18, 8),
  (196, '新余', 114.92, 27.81, 18, 9),
  (197, '宜春', 114.38, 27.81, 18, 10),
  (198, '鹰潭', 117.02, 28.23, 18, 11),
  (199, '长春', 125.35, 43.88, 19, 1),
  (200, '白城', 122.82, 45.63, 19, 2),
  (201, '白山', 126.430046, 41.93924, 19, 3),
  (202, '吉林', 126.555786, 43.843824, 19, 4),
  (203, '辽源', 125.15, 42.97, 19, 5),
  (204, '四平', 124.37, 43.17, 19, 6),
  (205, '松原', 124.831633, 45.147965, 19, 7),
  (206, '通化', 125.92, 41.49, 19, 8),
  (207, '延边', 129.51388, 42.898204, 19, 9),
  (208, '沈阳', 123.38, 41.8, 20, 1),
  (209, '鞍山', 123.00083, 41.114339, 20, 2),
  (210, '本溪', 123.73, 41.3, 20, 3),
  (211, '朝阳', 120.42, 41.58, 20, 4),
  (212, '大连', 121.62, 38.92, 20, 5),
  (213, '丹东', 124.37, 40.13, 20, 6),
  (214, '抚顺', 123.97, 41.97, 20, 7),
  (215, '阜新', 121.65, 42, 20, 8),
  (216, '葫芦岛', 120.84328, 40.717309, 20, 9),
  (217, '锦州', 121.15, 41.13, 20, 10),
  (218, '辽阳', 123.17, 41.28, 20, 11),
  (219, '盘锦', 122.077197, 41.126265, 20, 12),
  (220, '铁岭', 123.85, 42.32, 20, 13),
  (221, '营口', 122.18, 40.65, 20, 14),
  (222, '呼和浩特', 111.65, 40.82, 21, 1),
  (223, '包头', 110, 40.58, 21, 2),
  (224, '巴彦淖尔', 107.393698, 40.749263, 21, 3),
  (225, '赤峰', 118.87, 42.28, 21, 4),
  (226, '鄂尔多斯', 109.789182, 39.615408, 21, 5),
  (227, '呼伦贝尔', 119.772785, 49.216942, 21, 6),
  (228, '通辽', 122.28, 43.63, 21, 7),
  (229, '乌海', 106.82, 39.67, 21, 8),
  (230, '乌兰察布', 113.139936,40.998447, 21, 9),
  (231, '兴安盟', 122.043897, 46.088793, 21, 10),
  (232, '银川', 106.27, 38.47, 22, 1),
  (233, '固原', 106.28, 36.01, 22, 2),
  (234, '石嘴山', 106.39, 39.04, 22, 3),
  (235, '吴忠', 106.21, 37.99, 22, 4),
  (236, '中卫', 105.18, 37.51, 22, 5),
  (237, '西宁', 101.74, 36.56, 23, 1),
  (238, '果洛州', 100.251485, 34.477802, 23, 2),
  (239, '海东地区', 102.110693, 36.508644, 23, 3),
  (240, '海北州', 100.907251, 36.959087, 23, 4),
  (241, '海南州', 100.629998, 36.303049, 23, 5),
  (242, '海西州', 94.63327, 37.018122, 23, 6),
  (243, '黄南州', 102.02322, 35.522717, 23, 7),
  (244, '玉树州', 97.013224, 33.005793, 23, 8),
  (245, '济南', 117, 36.65, 24, 1),
  (246, '滨州', 118.03, 37.36, 24, 2),
  (247, '东营', 118.49, 37.46, 24, 3),
  (248, '德州', 116.29, 37.45, 24, 4),
  (249, '菏泽', 115.486187, 35.240172, 24, 5),
  (250, '济宁', 116.59, 35.38, 24, 6),
  (251, '莱芜', 117.67, 36.19, 24, 7),
  (252, '聊城', 115.97, 36.45, 24, 8),
  (253, '临沂', 118.35, 35.05, 24, 9),
  (254, '青岛', 120.33, 36.07, 24, 10),
  (255, '日照', 119.46, 35.42, 24, 11),
  (256, '泰安', 117.13, 36.18, 24, 12),
  (257, '威海', 122.1, 37.5, 24, 13),
  (258, '潍坊', 119.1, 36.62, 24, 14),
  (259, '烟台', 121.39, 37.52, 24, 15),
  (260, '枣庄', 117.57, 34.86, 24, 16),
  (261, '淄博', 118.05, 36.78, 24, 17),
  (262, '太原', 112.53, 37.87, 25, 1),
  (263, '长治', 113.08, 36.18, 25, 2),
  (264, '大同', 113.3, 40.12, 25, 3),
  (265, '晋城', 112.83, 35.52, 25, 4),
  (266, '晋中', 112.759303, 37.693585, 25, 5),
  (267, '临汾', 111.5, 36.08, 25, 6),
  (268, '吕梁', 111.151032, 37.525047, 25, 7),
  (269, '朔州', 112.439585, 39.338113, 25, 8),
  (270, '忻州', 112.740804, 38.421986, 25, 9),
  (271, '阳泉', 113.57, 37.85, 25, 10),
  (272, '运城', 110.97, 35.03, 25, 11),
  (273, '西安', 108.95, 34.27, 26, 1),
  (274, '安康', 109.02, 32.7, 26, 2),
  (275, '宝鸡', 107.15, 34.38, 26, 3),
  (276, '汉中', 108.04, 33.07, 26, 4),
  (277, '商洛', 109.925033, 33.879702, 26, 5),
  (278, '铜川', 109.11, 35.09, 26, 6),
  (279, '渭南', 109.5, 34.52, 26, 7),
  (280, '咸阳', 108.72, 34.36, 26, 8),
  (281, '延安', 109.47, 36.6, 26, 9),
  (282, '榆林', 109.77, 38.3, 26, 10),
  (283, '成都', 104.06, 30.67, 27, 1),
  (284, '阿坝州', 101.72, 31.93, 27, 2),
  (285, '巴中', 106.73, 31.86, 27, 3),
  (286, '达州', 107.474468, 31.215011, 27, 4),
  (287, '德阳', 104.37, 31.13, 27, 5),
  (288, '甘孜州', 99.96, 31.64, 27, 6),
  (289, '广安', 106.61, 30.48, 27, 7),
  (290, '广元', 105.850523, 32.442334, 27, 8),
  (291, '乐山', 103.772514, 29.558282, 27, 9),
  (292, '凉山州', 102.274217, 27.887525, 27, 10),
  (293, '泸州', 105.39, 28.91, 27, 11),
  (294, '南充', 106.117051, 30.843266, 27, 12),
  (295, '眉山', 103.855142, 30.082932, 27, 13),
  (296, '绵阳', 104.73, 31.48, 27, 14),
  (297, '内江', 105.04, 29.59, 27, 15),
  (298, '攀枝花', 101.726241, 26.588626, 27, 16),
  (299, '遂宁', 105.58, 30.52, 27, 17),
  (300, '雅安', 102.97, 29.97, 27, 18),
  (301, '宜宾', 104.56, 29.77, 27, 19),
  (302, '资阳', 104.6, 30.19, 27, 20),
  (303, '自贡', 104.785538, 29.345363, 27, 21),
  (304, '拉萨', 91.11, 29.97, 28, 1),
  (305, '阿里地区', 82.674845, 33.392061, 28, 2),
  (306, '昌都地区', 97.178742, 31.14851, 28, 3),
  (307, '林芝地区', 94.25, 29.59, 28, 4),
  (308, '那曲地区', 92.1, 31.47, 28, 5),
  (309, '日喀则地区', 88.82, 29.28, 28, 6),
  (310, '山南地区', 91.778201, 29.243691, 28, 7),
  (311, '乌鲁木齐', 87.68, 43.77, 29, 1),
  (312, '阿拉尔', 81.287224, 40.553846, 29, 2),
  (313, '阿克苏地区', 80.29, 41.15, 29, 3),
  (314, '阿勒泰地区', 88.14, 47.86, 29, 4),
  (315, '昌吉州', 87.315612, 44.016871, 29, 5),
  (316, '哈密地区', 93.44, 42.78, 29, 6),
  (317, '和田地区', 79.94, 37.12, 29, 7),
  (318, '喀什地区', 76.000203, 39.473773, 29, 8),
  (319, '克拉玛依', 84.77, 45.59, 29, 9),
  (320, '石河子', 85.94, 44.27, 29, 10),
  (321, '塔城地区', 82.980627, 46.749289, 29, 11),
  (322, '吐鲁番地区', 89.19, 42.91, 29, 12),
  (323, '昆明', 102.73, 25.04, 30, 1),
  (324, '保山', 99.177949, 25.138786, 30, 2),
  (325, '楚雄州', 101.54, 25.01, 30, 3),
  (326, '大理州', 100.19, 25.69, 30, 4),
  (327, '德宏州', 98.592245, 24.438919, 30, 5),
  (328, '迪庆州', 99.711349, 27.830759, 30, 6),
  (329, '红河州', 102.42, 23.35, 30, 7),
  (330, '丽江', 100.25, 26.86, 30, 8),
  (331, '临沧', 100.09528, 23.890398, 30, 9),
  (332, '怒江州', 98.863189, 25.827281, 30, 10),
  (333, '普洱', 101.03, 23.07, 30, 11),
  (334, '曲靖', 103.79, 25.51, 30, 12),
  (335, '昭通', 103.7, 29.32, 30, 13),
  (336, '文山', 104.24, 23.37, 30, 14),
  (337, '西双版纳', 100.802327, 22.012753, 30, 15),
  (338, '玉溪', 102.52, 24.35, 30, 16),
  (339, '杭州', 120.19, 30.26, 31, 1),
  (340, '湖州', 120.1, 30.86, 31, 2),
  (341, '嘉兴', 120.76, 30.77, 31, 3),
  (342, '金华', 119.64, 29.12, 31, 4),
  (343, '丽水', 119.92, 28.45, 31, 5),
  (344, '宁波', 121.56, 29.86, 31, 6),
  (345, '衢州', 118.88, 28.97, 31, 7),
  (346, '绍兴', 120.58, 30.01, 31, 8),
  (347, '台州', 121.27, 28.64, 31, 9),
  (348, '温州', 120.65, 28.01, 31, 10),
  (349, '舟山', 122.213908, 29.991342, 31, 11),
  (350, '台北', 121.527746, 25.045375, 32, 1),
  (351, '高雄', 120.322562, 22.622364, 32, 2),
  (352, '台南', 120.195595, 22.99475, 32, 3),
  (353, '台中', 120.660163, 24.16454, 32, 4),
  (354, '香港', 114.1, 22.2, 33, 1),
  (355, '澳门', 113.33, 22.13, 34, 1);

-- 兑换服务
DELETE FROM exchange;
INSERT INTO exchange (name, category, sub_category, customized, limit_in_month, activated, order_number)
VALUES
	( '兑换话费', 1, 1, 0, 0, 2, 1),
	( '兑换油卡（中石油）', 2, 1, 0, 0, 2, 2),
	( '兑换油卡（中石化）', 2, 2, 0, 0, 2, 3);

-- 文章分类
DELETE FROM article_category;
INSERT INTO article_category (name, create_time, readonly)
VALUES
	('科技', 1545372155291, 1),
  ('养生', 1545372155291, 1),
	('娱乐', 1545372155291, 1);